,Survived,Pclass,Sex,Age,SibSp,Parch,Fare,Embarked,Emarked
0,0,3,1,22.0,1,0,7.25,S,1
1,1,1,0,35.0,1,0,71.2833,C,2
2,1,3,1,26.0,0,0,7.925,S,1
4,0,3,1,0.35,0,0,8.05,S,1
5,0,3,1,28.0,0,0,8.4583,Q,3
6,0,1,1,54.0,0,0,51.8625,S,1
7,0,3,1,2.0,3,1,21.075,S,1
8,1,3,0,27.0,0,2,11.1333,S,1
9,1,2,0,14.0,1,0,30.0708,C,2
10,1,3,0,4.0,1,1,16.7,S,1
11,1,1,0,58.0,0,0,26.55,S,1
12,0,3,1,20.0,0,0,8.05,S,1
13,0,3,1,39.0,1,5,31.275,S,1
14,0,3,0,14.0,0,0,7.8542,S,1
15,1,2,0,55.0,0,0,16.0,S,1
16,0,3,1,2.0,4,1,29.125,Q,3
17,1,2,1,28.0,0,0,13.0,S,1
18,0,3,0,31.0,1,0,18.0,S,1
19,1,3,0,28.0,0,0,7.225,C,2
20,0,2,1,35.0,0,0,26.0,S,1
21,1,2,1,34.0,0,0,13.0,S,1
22,1,3,0,15.0,0,0,8.0292,Q,3
23,1,1,1,28.0,0,0,35.5,S,1
24,0,3,0,8.0,3,1,21.075,S,1
25,1,3,0,38.0,1,5,31.3875,S,1
26,0,3,1,28.0,0,0,7.225,C,2
27,0,1,1,19.0,3,2,263.0,S,1
28,1,3,0,28.0,0,0,7.8792,Q,3
29,0,3,1,28.0,0,0,7.8958,S,1
30,0,1,1,40.0,0,0,27.7208,C,2
31,1,1,0,28.0,1,0,146.5208,C,2
32,1,3,0,28.0,0,0,7.75,Q,3
33,0,2,1,66.0,0,0,10.5,S,1
34,0,1,1,28.0,1,0,82.1708,C,2
35,0,1,1,42.0,1,0,52.0,S,1
36,1,3,1,28.0,0,0,7.2292,C,2
37,0,3,1,21.0,0,0,8.05,S,1
38,0,3,0,18.0,2,0,18.0,S,1
39,1,3,0,14.0,1,0,11.2417,C,2
40,0,3,0,40.0,1,0,9.475,S,1
41,0,2,0,27.0,1,0,21.0,S,1
42,0,3,1,28.0,0,0,7.8958,C,2
43,1,2,0,3.0,1,2,41.5792,C,2
44,1,3,0,19.0,0,0,7.8792,Q,3
45,0,3,1,28.0,0,0,8.05,S,1
46,0,3,1,28.0,1,0,15.5,Q,3
47,1,3,0,28.0,0,0,7.75,Q,3
48,0,3,1,28.0,2,0,21.6792,C,2
49,0,3,0,18.0,1,0,17.8,S,1
50,0,3,1,7.0,4,1,39.6875,S,1
51,0,3,1,21.0,0,0,7.8,S,1
52,1,1,0,49.0,1,0,76.7292,C,2
53,1,2,0,29.0,1,0,26.0,S,1
54,0,1,1,65.0,0,1,61.9792,C,2
55,1,1,1,28.0,0,0,35.5,S,1
56,1,2,0,21.0,0,0,10.5,S,1
57,0,3,1,28.5,0,0,7.2292,C,2
58,1,2,0,5.0,1,2,27.75,S,1
59,0,3,1,11.0,5,2,46.9,S,1
60,0,3,1,22.0,0,0,7.2292,C,2
61,1,1,0,38.0,0,0,80.0,S,1
62,0,1,1,45.0,1,0,83.475,S,1
63,0,3,1,4.0,3,2,27.9,S,1
64,0,1,1,28.0,0,0,27.7208,C,2
65,1,3,1,28.0,1,1,15.2458,C,2
66,1,2,0,29.0,0,0,10.5,S,1
67,0,3,1,19.0,0,0,8.1583,S,1
68,1,3,0,17.0,4,2,7.925,S,1
69,0,3,1,26.0,2,0,8.6625,S,1
70,0,2,1,32.0,0,0,10.5,S,1
71,0,3,0,16.0,5,2,46.9,S,1
72,0,2,1,21.0,0,0,73.5,S,1
73,0,3,1,26.0,1,0,14.4542,C,2
74,1,3,1,32.0,0,0,56.4958,S,1
75,0,3,1,25.0,0,0,7.65,S,1
76,0,3,1,28.0,0,0,7.8958,S,1
77,0,3,1,28.0,0,0,8.05,S,1
78,1,2,1,0.83,0,2,29.0,S,1
79,1,3,0,30.0,0,0,12.475,S,1
80,0,3,1,22.0,0,0,9.0,S,1
81,1,3,1,29.0,0,0,9.5,S,1
82,1,3,0,28.0,0,0,7.7875,Q,3
83,0,1,1,28.0,0,0,47.1,S,1
84,1,2,0,17.0,0,0,10.5,S,1
85,1,3,0,33.0,3,0,15.85,S,1
86,0,3,1,16.0,1,3,34.375,S,1
87,0,3,1,28.0,0,0,8.05,S,1
88,1,1,0,23.0,3,2,263.0,S,1
89,0,3,1,24.0,0,0,8.05,S,1
90,0,3,1,29.0,0,0,8.05,S,1
91,0,3,1,20.0,0,0,7.8542,S,1
92,0,1,1,46.0,1,0,61.175,S,1
93,0,3,1,26.0,1,2,20.575,S,1
94,0,3,1,59.0,0,0,7.25,S,1
95,0,3,1,28.0,0,0,8.05,S,1
96,0,1,1,71.0,0,0,34.6542,C,2
97,1,1,1,23.0,0,1,63.3583,C,2
98,1,2,0,34.0,0,1,23.0,S,1
99,0,2,1,34.0,1,0,26.0,S,1
100,0,3,0,28.0,0,0,7.8958,S,1
101,0,3,1,28.0,0,0,7.8958,S,1
102,0,1,1,21.0,0,1,77.2875,S,1
103,0,3,1,33.0,0,0,8.6542,S,1
104,0,3,1,37.0,2,0,7.925,S,1
105,0,3,1,28.0,0,0,7.8958,S,1
106,1,3,0,21.0,0,0,7.65,S,1
107,1,3,1,28.0,0,0,7.775,S,1
108,0,3,1,38.0,0,0,7.8958,S,1
109,1,3,0,28.0,1,0,24.15,Q,3
110,0,1,1,47.0,0,0,52.0,S,1
111,0,3,0,14.5,1,0,14.4542,C,2
112,0,3,1,22.0,0,0,8.05,S,1
113,0,3,0,20.0,1,0,9.825,S,1
114,0,3,0,17.0,0,0,14.4583,C,2
115,0,3,1,21.0,0,0,7.925,S,1
116,0,3,1,70.5,0,0,7.75,Q,3
117,0,2,1,29.0,1,0,21.0,S,1
118,0,1,1,24.0,0,1,247.5208,C,2
119,0,3,0,2.0,4,2,31.275,S,1
120,0,2,1,21.0,2,0,73.5,S,1
121,0,3,1,28.0,0,0,8.05,S,1
122,0,2,1,32.5,1,0,30.0708,C,2
123,1,2,0,32.5,0,0,13.0,S,1
124,0,1,1,54.0,0,1,77.2875,S,1
125,1,3,1,12.0,1,0,11.2417,C,2
126,0,3,1,28.0,0,0,7.75,Q,3
127,1,3,1,24.0,0,0,7.1417,S,1
128,1,3,0,28.0,1,1,22.3583,C,2
129,0,3,1,45.0,0,0,6.975,S,1
130,0,3,1,33.0,0,0,7.8958,C,2
131,0,3,1,20.0,0,0,7.05,S,1
132,0,3,0,47.0,1,0,14.5,S,1
133,1,2,0,29.0,1,0,26.0,S,1
134,0,2,1,25.0,0,0,13.0,S,1
135,0,2,1,23.0,0,0,15.0458,C,2
136,1,1,0,19.0,0,2,26.2833,S,1
137,0,1,1,37.0,1,0,53.1,S,1
138,0,3,1,16.0,0,0,9.2167,S,1
139,0,1,1,24.0,0,0,79.2,C,2
140,0,3,0,28.0,0,2,15.2458,C,2
141,1,3,0,22.0,0,0,7.75,S,1
142,1,3,0,24.0,1,0,15.85,S,1
143,0,3,1,19.0,0,0,6.75,Q,3
144,0,2,1,18.0,0,0,11.5,S,1
145,0,2,1,19.0,1,1,36.75,S,1
146,1,3,1,27.0,0,0,7.7958,S,1
147,0,3,0,9.0,2,2,34.375,S,1
148,0,2,1,36.5,0,2,26.0,S,1
149,0,2,1,42.0,0,0,13.0,S,1
150,0,2,1,51.0,0,0,12.525,S,1
151,1,1,0,22.0,1,0,66.6,S,1
152,0,3,1,55.5,0,0,8.05,S,1
153,0,3,1,40.5,0,2,14.5,S,1
154,0,3,1,28.0,0,0,7.3125,S,1
155,0,1,1,51.0,0,1,61.3792,C,2
156,1,3,0,16.0,0,0,7.7333,Q,3
157,0,3,1,30.0,0,0,8.05,S,1
158,0,3,1,28.0,0,0,8.6625,S,1
159,0,3,1,28.0,8,2,69.55,S,1
160,0,3,1,44.0,0,1,16.1,S,1
161,1,2,0,40.0,0,0,15.75,S,1
162,0,3,1,26.0,0,0,7.775,S,1
163,0,3,1,17.0,0,0,8.6625,S,1
164,0,3,1,1.0,4,1,39.6875,S,1
165,1,3,1,9.0,0,2,20.525,S,1
166,1,1,0,28.0,0,1,55.0,S,1
167,0,3,0,45.0,1,4,27.9,S,1
168,0,1,1,28.0,0,0,25.925,S,1
169,0,3,1,28.0,0,0,56.4958,S,1
170,0,1,1,61.0,0,0,33.5,S,1
171,0,3,1,4.0,4,1,29.125,Q,3
172,1,3,0,1.0,1,1,11.1333,S,1
173,0,3,1,21.0,0,0,7.925,S,1
174,0,1,1,56.0,0,0,30.6958,C,2
175,0,3,1,18.0,1,1,7.8542,S,1
176,0,3,1,28.0,3,1,25.4667,S,1
177,0,1,0,50.0,0,0,28.7125,C,2
178,0,2,1,30.0,0,0,13.0,S,1
179,0,3,1,36.0,0,0,0.0,S,1
180,0,3,0,28.0,8,2,69.55,S,1
181,0,2,1,28.0,0,0,15.05,C,2
182,0,3,1,9.0,4,2,31.3875,S,1
183,1,2,1,1.0,2,1,39.0,S,1
184,1,3,0,4.0,0,2,22.025,S,1
185,0,1,1,28.0,0,0,50.0,S,1
186,1,3,0,28.0,1,0,15.5,Q,3
187,1,1,1,45.0,0,0,26.55,S,1
188,0,3,1,40.0,1,1,15.5,Q,3
189,0,3,1,36.0,0,0,7.8958,S,1
190,1,2,0,32.0,0,0,13.0,S,1
191,0,2,1,19.0,0,0,13.0,S,1
192,1,3,0,19.0,1,0,7.8542,S,1
193,1,2,1,3.0,1,1,26.0,S,1
194,1,1,0,44.0,0,0,27.7208,C,2
195,1,1,0,58.0,0,0,146.5208,C,2
196,0,3,1,28.0,0,0,7.75,Q,3
197,0,3,1,42.0,0,1,8.4042,S,1
198,1,3,0,28.0,0,0,7.75,Q,3
199,0,2,0,24.0,0,0,13.0,S,1
200,0,3,1,28.0,0,0,9.5,S,1
201,0,3,1,28.0,8,2,69.55,S,1
202,0,3,1,34.0,0,0,6.4958,S,1
203,0,3,1,45.5,0,0,7.225,C,2
204,1,3,1,18.0,0,0,8.05,S,1
205,0,3,0,2.0,0,1,10.4625,S,1
206,0,3,1,32.0,1,0,15.85,S,1
207,1,3,1,26.0,0,0,18.7875,C,2
208,1,3,0,16.0,0,0,7.75,Q,3
209,1,1,1,40.0,0,0,31.0,C,2
210,0,3,1,24.0,0,0,7.05,S,1
211,1,2,0,35.0,0,0,21.0,S,1
212,0,3,1,22.0,0,0,7.25,S,1
213,0,2,1,30.0,0,0,13.0,S,1
214,0,3,1,28.0,1,0,7.75,Q,3
215,1,1,0,31.0,1,0,113.275,C,2
216,1,3,0,27.0,0,0,7.925,S,1
217,0,2,1,42.0,1,0,27.0,S,1
218,1,1,0,32.0,0,0,76.2917,C,2
219,0,2,1,30.0,0,0,10.5,S,1
220,1,3,1,16.0,0,0,8.05,S,1
221,0,2,1,27.0,0,0,13.0,S,1
222,0,3,1,51.0,0,0,8.05,S,1
223,0,3,1,28.0,0,0,7.8958,S,1
224,1,1,1,38.0,1,0,90.0,S,1
225,0,3,1,22.0,0,0,9.35,S,1
226,1,2,1,19.0,0,0,10.5,S,1
227,0,3,1,20.5,0,0,7.25,S,1
228,0,2,1,18.0,0,0,13.0,S,1
229,0,3,0,28.0,3,1,25.4667,S,1
230,1,1,0,35.0,1,0,83.475,S,1
231,0,3,1,29.0,0,0,7.775,S,1
232,0,2,1,59.0,0,0,13.5,S,1
233,1,3,0,5.0,4,2,31.3875,S,1
234,0,2,1,24.0,0,0,10.5,S,1
235,0,3,0,28.0,0,0,7.55,S,1
236,0,2,1,44.0,1,0,26.0,S,1
237,1,2,0,8.0,0,2,26.25,S,1
238,0,2,1,19.0,0,0,10.5,S,1
239,0,2,1,33.0,0,0,12.275,S,1
240,0,3,0,28.0,1,0,14.4542,C,2
241,1,3,0,28.0,1,0,15.5,Q,3
242,0,2,1,29.0,0,0,10.5,S,1
243,0,3,1,22.0,0,0,7.125,S,1
244,0,3,1,30.0,0,0,7.225,C,2
245,0,1,1,44.0,2,0,90.0,Q,3
246,0,3,0,25.0,0,0,7.775,S,1
247,1,2,0,24.0,0,2,14.5,S,1
248,1,1,1,37.0,1,1,52.5542,S,1
249,0,2,1,54.0,1,0,26.0,S,1
250,0,3,1,28.0,0,0,7.25,S,1
251,0,3,0,29.0,1,1,10.4625,S,1
252,0,1,1,62.0,0,0,26.55,S,1
253,0,3,1,30.0,1,0,16.1,S,1
254,0,3,0,41.0,0,2,20.2125,S,1
255,1,3,0,29.0,0,2,15.2458,C,2
256,1,1,0,28.0,0,0,79.2,C,2
257,1,1,0,30.0,0,0,86.5,S,1
258,1,1,0,35.0,0,0,512.3292,C,2
259,1,2,0,50.0,0,1,26.0,S,1
260,0,3,1,28.0,0,0,7.75,Q,3
261,1,3,1,3.0,4,2,31.3875,S,1
262,0,1,1,52.0,1,1,79.65,S,1
263,0,1,1,40.0,0,0,0.0,S,1
264,0,3,0,28.0,0,0,7.75,Q,3
265,0,2,1,36.0,0,0,10.5,S,1
266,0,3,1,16.0,4,1,39.6875,S,1
267,1,3,1,25.0,1,0,7.775,S,1
268,1,1,0,58.0,0,1,153.4625,S,1
269,1,1,0,35.0,0,0,135.6333,S,1
270,0,1,1,28.0,0,0,31.0,S,1
271,1,3,1,25.0,0,0,0.0,S,1
272,1,2,0,41.0,0,1,19.5,S,1
273,0,1,1,37.0,0,1,29.7,C,2
274,1,3,0,28.0,0,0,7.75,Q,3
275,1,1,0,63.0,1,0,77.9583,S,1
276,0,3,0,45.0,0,0,7.75,S,1
277,0,2,1,28.0,0,0,0.0,S,1
278,0,3,1,7.0,4,1,29.125,Q,3
279,1,3,0,35.0,1,1,20.25,S,1
280,0,3,1,65.0,0,0,7.75,Q,3
281,0,3,1,28.0,0,0,7.8542,S,1
282,0,3,1,16.0,0,0,9.5,S,1
283,1,3,1,19.0,0,0,8.05,S,1
284,0,1,1,28.0,0,0,26.0,S,1
285,0,3,1,33.0,0,0,8.6625,C,2
286,1,3,1,30.0,0,0,9.5,S,1
287,0,3,1,22.0,0,0,7.8958,S,1
288,1,2,1,42.0,0,0,13.0,S,1
289,1,3,0,22.0,0,0,7.75,Q,3
290,1,1,0,26.0,0,0,78.85,S,1
291,1,1,0,19.0,1,0,91.0792,C,2
292,0,2,1,36.0,0,0,12.875,C,2
293,0,3,0,24.0,0,0,8.85,S,1
294,0,3,1,24.0,0,0,7.8958,S,1
295,0,1,1,28.0,0,0,27.7208,C,2
296,0,3,1,23.5,0,0,7.2292,C,2
297,0,1,0,2.0,1,2,151.55,S,1
298,1,1,1,28.0,0,0,30.5,S,1
299,1,1,0,50.0,0,1,247.5208,C,2
300,1,3,0,28.0,0,0,7.75,Q,3
301,1,3,1,28.0,2,0,23.25,Q,3
302,0,3,1,19.0,0,0,0.0,S,1
303,1,2,0,28.0,0,0,12.35,Q,3
304,0,3,1,28.0,0,0,8.05,S,1
305,1,1,1,0.92,1,2,151.55,S,1
306,1,1,0,28.0,0,0,110.8833,C,2
307,1,1,0,17.0,1,0,108.9,C,2
308,0,2,1,30.0,1,0,24.0,C,2
309,1,1,0,30.0,0,0,56.9292,C,2
310,1,1,0,24.0,0,0,83.1583,C,2
311,1,1,0,18.0,2,2,262.375,C,2
312,0,2,0,26.0,1,1,26.0,S,1
313,0,3,1,28.0,0,0,7.8958,S,1
314,0,2,1,43.0,1,1,26.25,S,1
315,1,3,0,26.0,0,0,7.8542,S,1
316,1,2,0,24.0,1,0,26.0,S,1
317,0,2,1,54.0,0,0,14.0,S,1
318,1,1,0,31.0,0,2,164.8667,S,1
319,1,1,0,40.0,1,1,134.5,C,2
320,0,3,1,22.0,0,0,7.25,S,1
321,0,3,1,27.0,0,0,7.8958,S,1
322,1,2,0,30.0,0,0,12.35,Q,3
323,1,2,0,22.0,1,1,29.0,S,1
324,0,3,1,28.0,8,2,69.55,S,1
325,1,1,0,36.0,0,0,135.6333,C,2
326,0,3,1,61.0,0,0,6.2375,S,1
327,1,2,0,36.0,0,0,13.0,S,1
328,1,3,0,31.0,1,1,20.525,S,1
329,1,1,0,16.0,0,1,57.9792,C,2
330,1,3,0,28.0,2,0,23.25,Q,3
331,0,1,1,45.5,0,0,28.5,S,1
332,0,1,1,38.0,0,1,153.4625,S,1
333,0,3,1,16.0,2,0,18.0,S,1
334,1,1,0,28.0,1,0,133.65,S,1
335,0,3,1,28.0,0,0,7.8958,S,1
336,0,1,1,29.0,1,0,66.6,S,1
337,1,1,0,41.0,0,0,134.5,C,2
338,1,3,1,45.0,0,0,8.05,S,1
339,0,1,1,45.0,0,0,35.5,S,1
340,1,2,1,2.0,1,1,26.0,S,1
341,1,1,0,24.0,3,2,263.0,S,1
342,0,2,1,28.0,0,0,13.0,S,1
343,0,2,1,25.0,0,0,13.0,S,1
344,0,2,1,36.0,0,0,13.0,S,1
345,1,2,0,24.0,0,0,13.0,S,1
346,1,2,0,40.0,0,0,13.0,S,1
347,1,3,0,28.0,1,0,16.1,S,1
348,1,3,1,3.0,1,1,15.9,S,1
349,0,3,1,42.0,0,0,8.6625,S,1
350,0,3,1,23.0,0,0,9.225,S,1
351,0,1,1,28.0,0,0,35.0,S,1
352,0,3,1,15.0,1,1,7.2292,C,2
353,0,3,1,25.0,1,0,17.8,S,1
354,0,3,1,28.0,0,0,7.225,C,2
355,0,3,1,28.0,0,0,9.5,S,1
356,1,1,0,22.0,0,1,55.0,S,1
357,0,2,0,38.0,0,0,13.0,S,1
358,1,3,0,28.0,0,0,7.8792,Q,3
359,1,3,0,28.0,0,0,7.8792,Q,3
360,0,3,1,40.0,1,4,27.9,S,1
361,0,2,1,29.0,1,0,27.7208,C,2
362,0,3,0,45.0,0,1,14.4542,C,2
363,0,3,1,35.0,0,0,7.05,S,1
364,0,3,1,28.0,1,0,15.5,Q,3
365,0,3,1,30.0,0,0,7.25,S,1
366,1,1,0,60.0,1,0,75.25,C,2
367,1,3,0,28.0,0,0,7.2292,C,2
368,1,3,0,28.0,0,0,7.75,Q,3
369,1,1,0,24.0,0,0,69.3,C,2
370,1,1,1,25.0,1,0,55.4417,C,2
371,0,3,1,18.0,1,0,6.4958,S,1
372,0,3,1,19.0,0,0,8.05,S,1
373,0,1,1,22.0,0,0,135.6333,C,2
374,0,3,0,3.0,3,1,21.075,S,1
375,1,1,0,28.0,1,0,82.1708,C,2
376,1,3,0,22.0,0,0,7.25,S,1
377,0,1,1,27.0,0,2,211.5,C,2
378,0,3,1,20.0,0,0,4.0125,C,2
379,0,3,1,19.0,0,0,7.775,S,1
380,1,1,0,42.0,0,0,227.525,C,2
381,1,3,0,1.0,0,2,15.7417,C,2
382,0,3,1,32.0,0,0,7.925,S,1
383,1,1,0,35.0,1,0,52.0,S,1
384,0,3,1,28.0,0,0,7.8958,S,1
385,0,2,1,18.0,0,0,73.5,S,1
386,0,3,1,1.0,5,2,46.9,S,1
387,1,2,0,36.0,0,0,13.0,S,1
388,0,3,1,28.0,0,0,7.7292,Q,3
389,1,2,0,17.0,0,0,12.0,C,2
390,1,1,1,36.0,1,2,120.0,S,1
391,1,3,1,21.0,0,0,7.7958,S,1
392,0,3,1,28.0,2,0,7.925,S,1
393,1,1,0,23.0,1,0,113.275,C,2
394,1,3,0,24.0,0,2,16.7,S,1
395,0,3,1,22.0,0,0,7.7958,S,1
396,0,3,0,31.0,0,0,7.8542,S,1
397,0,2,1,46.0,0,0,26.0,S,1
398,0,2,1,23.0,0,0,10.5,S,1
399,1,2,0,28.0,0,0,12.65,S,1
400,1,3,1,39.0,0,0,7.925,S,1
401,0,3,1,26.0,0,0,8.05,S,1
402,0,3,0,21.0,1,0,9.825,S,1
403,0,3,1,28.0,1,0,15.85,S,1
404,0,3,0,20.0,0,0,8.6625,S,1
405,0,2,1,34.0,1,0,21.0,S,1
406,0,3,1,51.0,0,0,7.75,S,1
407,1,2,1,3.0,1,1,18.75,S,1
408,0,3,1,21.0,0,0,7.775,S,1
409,0,3,0,28.0,3,1,25.4667,S,1
410,0,3,1,28.0,0,0,7.8958,S,1
411,0,3,1,28.0,0,0,6.8583,Q,3
412,1,1,0,33.0,1,0,90.0,Q,3
413,0,2,1,28.0,0,0,0.0,S,1
414,1,3,1,44.0,0,0,7.925,S,1
415,0,3,0,28.0,0,0,8.05,S,1
416,1,2,0,34.0,1,1,32.5,S,1
417,1,2,0,18.0,0,2,13.0,S,1
418,0,2,1,30.0,0,0,13.0,S,1
419,0,3,0,10.0,0,2,24.15,S,1
420,0,3,1,28.0,0,0,7.8958,C,2
421,0,3,1,21.0,0,0,7.7333,Q,3
422,0,3,1,29.0,0,0,7.875,S,1
423,0,3,0,28.0,1,1,14.4,S,1
424,0,3,1,18.0,1,1,20.2125,S,1
425,0,3,1,28.0,0,0,7.25,S,1
426,1,2,0,28.0,1,0,26.0,S,1
427,1,2,0,19.0,0,0,26.0,S,1
428,0,3,1,28.0,0,0,7.75,Q,3
429,1,3,1,32.0,0,0,8.05,S,1
430,1,1,1,28.0,0,0,26.55,S,1
431,1,3,0,28.0,1,0,16.1,S,1
432,1,2,0,42.0,1,0,26.0,S,1
433,0,3,1,17.0,0,0,7.125,S,1
434,0,1,1,50.0,1,0,55.9,S,1
435,1,1,0,14.0,1,2,120.0,S,1
436,0,3,0,21.0,2,2,34.375,S,1
437,1,2,0,24.0,2,3,18.75,S,1
438,0,1,1,64.0,1,4,263.0,S,1
439,0,2,1,31.0,0,0,10.5,S,1
440,1,2,0,45.0,1,1,26.25,S,1
441,0,3,1,20.0,0,0,9.5,S,1
442,0,3,1,25.0,1,0,7.775,S,1
443,1,2,0,28.0,0,0,13.0,S,1
444,1,3,1,28.0,0,0,8.1125,S,1
445,1,1,1,4.0,0,2,81.8583,S,1
446,1,2,0,13.0,0,1,19.5,S,1
447,1,1,1,34.0,0,0,26.55,S,1
448,1,3,0,5.0,2,1,19.2583,C,2
449,1,1,1,52.0,0,0,30.5,S,1
450,0,2,1,36.0,1,2,27.75,S,1
451,0,3,1,28.0,1,0,19.9667,S,1
452,0,1,1,30.0,0,0,27.75,C,2
453,1,1,1,49.0,1,0,89.1042,C,2
454,0,3,1,28.0,0,0,8.05,S,1
455,1,3,1,29.0,0,0,7.8958,C,2
456,0,1,1,65.0,0,0,26.55,S,1
457,1,1,0,28.0,1,0,51.8625,S,1
458,1,2,0,50.0,0,0,10.5,S,1
459,0,3,1,28.0,0,0,7.75,Q,3
460,1,1,1,48.0,0,0,26.55,S,1
461,0,3,1,34.0,0,0,8.05,S,1
462,0,1,1,47.0,0,0,38.5,S,1
463,0,2,1,48.0,0,0,13.0,S,1
464,0,3,1,28.0,0,0,8.05,S,1
465,0,3,1,38.0,0,0,7.05,S,1
466,0,2,1,28.0,0,0,0.0,S,1
467,0,1,1,56.0,0,0,26.55,S,1
468,0,3,1,28.0,0,0,7.725,Q,3
469,1,3,0,0.75,2,1,19.2583,C,2
470,0,3,1,28.0,0,0,7.25,S,1
471,0,3,1,38.0,0,0,8.6625,S,1
472,1,2,0,33.0,1,2,27.75,S,1
473,1,2,0,23.0,0,0,13.7917,C,2
474,0,3,0,22.0,0,0,9.8375,S,1
475,0,1,1,28.0,0,0,52.0,S,1
476,0,2,1,34.0,1,0,21.0,S,1
477,0,3,1,29.0,1,0,7.0458,S,1
478,0,3,1,22.0,0,0,7.5208,S,1
479,1,3,0,2.0,0,1,12.2875,S,1
480,0,3,1,9.0,5,2,46.9,S,1
481,0,2,1,28.0,0,0,0.0,S,1
482,0,3,1,50.0,0,0,8.05,S,1
483,1,3,0,63.0,0,0,9.5875,S,1
484,1,1,1,25.0,1,0,91.0792,C,2
485,0,3,0,28.0,3,1,25.4667,S,1
486,1,1,0,35.0,1,0,90.0,S,1
487,0,1,1,58.0,0,0,29.7,C,2
488,0,3,1,30.0,0,0,8.05,S,1
489,1,3,1,9.0,1,1,15.9,S,1
490,0,3,1,28.0,1,0,19.9667,S,1
491,0,3,1,21.0,0,0,7.25,S,1
492,0,1,1,55.0,0,0,30.5,S,1
493,0,1,1,71.0,0,0,49.5042,C,2
494,0,3,1,21.0,0,0,8.05,S,1
495,0,3,1,28.0,0,0,14.4583,C,2
496,1,1,0,54.0,1,0,78.2667,C,2
497,0,3,1,28.0,0,0,15.1,S,1
498,0,1,0,25.0,1,2,151.55,S,1
499,0,3,1,24.0,0,0,7.7958,S,1
500,0,3,1,17.0,0,0,8.6625,S,1
501,0,3,0,21.0,0,0,7.75,Q,3
502,0,3,0,28.0,0,0,7.6292,Q,3
503,0,3,0,37.0,0,0,9.5875,S,1
504,1,1,0,16.0,0,0,86.5,S,1
505,0,1,1,18.0,1,0,108.9,C,2
506,1,2,0,33.0,0,2,26.0,S,1
507,1,1,1,28.0,0,0,26.55,S,1
508,0,3,1,28.0,0,0,22.525,S,1
509,1,3,1,26.0,0,0,56.4958,S,1
510,1,3,1,29.0,0,0,7.75,Q,3
511,0,3,1,28.0,0,0,8.05,S,1
512,1,1,1,36.0,0,0,26.2875,S,1
513,1,1,0,54.0,1,0,59.4,C,2
514,0,3,1,24.0,0,0,7.4958,S,1
515,0,1,1,47.0,0,0,34.0208,S,1
516,1,2,0,34.0,0,0,10.5,S,1
517,0,3,1,28.0,0,0,24.15,Q,3
518,1,2,0,36.0,1,0,26.0,S,1
519,0,3,1,32.0,0,0,7.8958,S,1
520,1,1,0,30.0,0,0,93.5,S,1
521,0,3,1,22.0,0,0,7.8958,S,1
522,0,3,1,28.0,0,0,7.225,C,2
523,1,1,0,44.0,0,1,57.9792,C,2
524,0,3,1,28.0,0,0,7.2292,C,2
525,0,3,1,40.5,0,0,7.75,Q,3
526,1,2,0,50.0,0,0,10.5,S,1
527,0,1,1,28.0,0,0,221.7792,S,1
528,0,3,1,39.0,0,0,7.925,S,1
529,0,2,1,23.0,2,1,11.5,S,1
530,1,2,0,2.0,1,1,26.0,S,1
531,0,3,1,28.0,0,0,7.2292,C,2
532,0,3,1,17.0,1,1,7.2292,C,2
533,1,3,0,28.0,0,2,22.3583,C,2
534,0,3,0,30.0,0,0,8.6625,S,1
535,1,2,0,7.0,0,2,26.25,S,1
536,0,1,1,45.0,0,0,26.55,S,1
537,1,1,0,30.0,0,0,106.425,C,2
538,0,3,1,28.0,0,0,14.5,S,1
539,1,1,0,22.0,0,2,49.5,C,2
540,1,1,0,36.0,0,2,71.0,S,1
541,0,3,0,9.0,4,2,31.275,S,1
542,0,3,0,11.0,4,2,31.275,S,1
543,1,2,1,32.0,1,0,26.0,S,1
544,0,1,1,50.0,1,0,106.425,C,2
545,0,1,1,64.0,0,0,26.0,S,1
546,1,2,0,19.0,1,0,26.0,S,1
547,1,2,1,28.0,0,0,13.8625,C,2
548,0,3,1,33.0,1,1,20.525,S,1
549,1,2,1,8.0,1,1,36.75,S,1
550,1,1,1,17.0,0,2,110.8833,C,2
551,0,2,1,27.0,0,0,26.0,S,1
552,0,3,1,28.0,0,0,7.8292,Q,3
553,1,3,1,22.0,0,0,7.225,C,2
554,1,3,0,22.0,0,0,7.775,S,1
555,0,1,1,62.0,0,0,26.55,S,1
556,1,1,0,48.0,1,0,39.6,C,2
557,0,1,1,28.0,0,0,227.525,C,2
558,1,1,0,39.0,1,1,79.65,S,1
559,1,3,0,36.0,1,0,17.4,S,1
560,0,3,1,28.0,0,0,7.75,Q,3
561,0,3,1,40.0,0,0,7.8958,S,1
562,0,2,1,28.0,0,0,13.5,S,1
563,0,3,1,28.0,0,0,8.05,S,1
564,0,3,0,28.0,0,0,8.05,S,1
565,0,3,1,24.0,2,0,24.15,S,1
566,0,3,1,19.0,0,0,7.8958,S,1
567,0,3,0,29.0,0,4,21.075,S,1
568,0,3,1,28.0,0,0,7.2292,C,2
569,1,3,1,32.0,0,0,7.8542,S,1
570,1,2,1,62.0,0,0,10.5,S,1
571,1,1,0,53.0,2,0,51.4792,S,1
572,1,1,1,36.0,0,0,26.3875,S,1
573,1,3,0,28.0,0,0,7.75,Q,3
574,0,3,1,16.0,0,0,8.05,S,1
575,0,3,1,19.0,0,0,14.5,S,1
576,1,2,0,34.0,0,0,13.0,S,1
577,1,1,0,39.0,1,0,55.9,S,1
578,0,3,0,28.0,1,0,14.4583,C,2
579,1,3,1,32.0,0,0,7.925,S,1
580,1,2,0,25.0,1,1,30.0,S,1
581,1,1,0,39.0,1,1,110.8833,C,2
582,0,2,1,54.0,0,0,26.0,S,1
583,0,1,1,36.0,0,0,40.125,C,2
584,0,3,1,28.0,0,0,8.7125,C,2
585,1,1,0,18.0,0,2,79.65,S,1
586,0,2,1,47.0,0,0,15.0,S,1
587,1,1,1,60.0,1,1,79.2,C,2
588,0,3,1,22.0,0,0,8.05,S,1
589,0,3,1,28.0,0,0,8.05,S,1
590,0,3,1,35.0,0,0,7.125,S,1
591,1,1,0,52.0,1,0,78.2667,C,2
592,0,3,1,47.0,0,0,7.25,S,1
593,0,3,0,28.0,0,2,7.75,Q,3
594,0,2,1,37.0,1,0,26.0,S,1
595,0,3,1,36.0,1,1,24.15,S,1
596,1,2,0,28.0,0,0,33.0,S,1
597,0,3,1,49.0,0,0,0.0,S,1
598,0,3,1,28.0,0,0,7.225,C,2
599,1,1,1,49.0,1,0,56.9292,C,2
600,1,2,0,24.0,2,1,27.0,S,1
601,0,3,1,28.0,0,0,7.8958,S,1
602,0,1,1,28.0,0,0,42.4,S,1
603,0,3,1,44.0,0,0,8.05,S,1
604,1,1,1,35.0,0,0,26.55,C,2
605,0,3,1,36.0,1,0,15.55,S,1
606,0,3,1,30.0,0,0,7.8958,S,1
607,1,1,1,27.0,0,0,30.5,S,1
608,1,2,0,22.0,1,2,41.5792,C,2
609,1,1,0,40.0,0,0,153.4625,S,1
610,0,3,0,39.0,1,5,31.275,S,1
611,0,3,1,28.0,0,0,7.05,S,1
612,1,3,0,28.0,1,0,15.5,Q,3
613,0,3,1,28.0,0,0,7.75,Q,3
614,0,3,1,35.0,0,0,8.05,S,1
615,1,2,0,24.0,1,2,65.0,S,1
616,0,3,1,34.0,1,1,14.4,S,1
617,0,3,0,26.0,1,0,16.1,S,1
618,1,2,0,4.0,2,1,39.0,S,1
619,0,2,1,26.0,0,0,10.5,S,1
620,0,3,1,27.0,1,0,14.4542,C,2
621,1,1,1,42.0,1,0,52.5542,S,1
622,1,3,1,20.0,1,1,15.7417,C,2
623,0,3,1,21.0,0,0,7.8542,S,1
624,0,3,1,21.0,0,0,16.1,S,1
625,0,1,1,61.0,0,0,32.3208,S,1
626,0,2,1,57.0,0,0,12.35,Q,3
627,1,1,0,21.0,0,0,77.9583,S,1
628,0,3,1,26.0,0,0,7.8958,S,1
629,0,3,1,28.0,0,0,7.7333,Q,3
630,1,1,1,80.0,0,0,30.0,S,1
631,0,3,1,51.0,0,0,7.0542,S,1
632,1,1,1,32.0,0,0,30.5,C,2
633,0,1,1,28.0,0,0,0.0,S,1
634,0,3,0,9.0,3,2,27.9,S,1
635,1,2,0,28.0,0,0,13.0,S,1
636,0,3,1,32.0,0,0,7.925,S,1
637,0,2,1,31.0,1,1,26.25,S,1
638,0,3,0,41.0,0,5,39.6875,S,1
639,0,3,1,28.0,1,0,16.1,S,1
640,0,3,1,20.0,0,0,7.8542,S,1
641,1,1,0,24.0,0,0,69.3,C,2
642,0,3,0,2.0,3,2,27.9,S,1
643,1,3,1,28.0,0,0,56.4958,S,1
644,1,3,0,0.75,2,1,19.2583,C,2
645,1,1,1,48.0,1,0,76.7292,C,2
646,0,3,1,19.0,0,0,7.8958,S,1
647,1,1,1,56.0,0,0,35.5,C,2
648,0,3,1,28.0,0,0,7.55,S,1
649,1,3,0,23.0,0,0,7.55,S,1
650,0,3,1,28.0,0,0,7.8958,S,1
651,1,2,0,18.0,0,1,23.0,S,1
652,0,3,1,21.0,0,0,8.4333,S,1
653,1,3,0,28.0,0,0,7.8292,Q,3
654,0,3,0,18.0,0,0,6.75,Q,3
655,0,2,1,24.0,2,0,73.5,S,1
656,0,3,1,28.0,0,0,7.8958,S,1
657,0,3,0,32.0,1,1,15.5,Q,3
658,0,2,1,23.0,0,0,13.0,S,1
659,0,1,1,58.0,0,2,113.275,C,2
660,1,1,1,50.0,2,0,133.65,S,1
661,0,3,1,40.0,0,0,7.225,C,2
662,0,1,1,47.0,0,0,25.5875,S,1
663,0,3,1,36.0,0,0,7.4958,S,1
664,1,3,1,20.0,1,0,7.925,S,1
665,0,2,1,32.0,2,0,73.5,S,1
666,0,2,1,25.0,0,0,13.0,S,1
667,0,3,1,28.0,0,0,7.775,S,1
668,0,3,1,43.0,0,0,8.05,S,1
669,1,1,0,28.0,1,0,52.0,S,1
670,1,2,0,40.0,1,1,39.0,S,1
671,0,1,1,31.0,1,0,52.0,S,1
672,0,2,1,70.0,0,0,10.5,S,1
673,1,2,1,31.0,0,0,13.0,S,1
674,0,2,1,28.0,0,0,0.0,S,1
675,0,3,1,18.0,0,0,7.775,S,1
676,0,3,1,24.5,0,0,8.05,S,1
677,1,3,0,18.0,0,0,9.8417,S,1
678,0,3,0,43.0,1,6,46.9,S,1
679,1,1,1,36.0,0,1,512.3292,C,2
680,0,3,0,28.0,0,0,8.1375,Q,3
681,1,1,1,27.0,0,0,76.7292,C,2
682,0,3,1,20.0,0,0,9.225,S,1
683,0,3,1,14.0,5,2,46.9,S,1
684,0,2,1,60.0,1,1,39.0,S,1
685,0,2,1,25.0,1,2,41.5792,C,2
686,0,3,1,14.0,4,1,39.6875,S,1
687,0,3,1,19.0,0,0,10.1708,S,1
688,0,3,1,18.0,0,0,7.7958,S,1
689,1,1,0,15.0,0,1,211.3375,S,1
690,1,1,1,31.0,1,0,57.0,S,1
691,1,3,0,4.0,0,1,13.4167,C,2
692,1,3,1,28.0,0,0,56.4958,S,1
693,0,3,1,25.0,0,0,7.225,C,2
694,0,1,1,60.0,0,0,26.55,S,1
695,0,2,1,52.0,0,0,13.5,S,1
696,0,3,1,44.0,0,0,8.05,S,1
697,1,3,0,28.0,0,0,7.7333,Q,3
698,0,1,1,49.0,1,1,110.8833,C,2
699,0,3,1,42.0,0,0,7.65,S,1
700,1,1,0,18.0,1,0,227.525,C,2
701,1,1,1,35.0,0,0,26.2875,S,1
702,0,3,0,18.0,0,1,14.4542,C,2
703,0,3,1,25.0,0,0,7.7417,Q,3
704,0,3,1,26.0,1,0,7.8542,S,1
705,0,2,1,39.0,0,0,26.0,S,1
706,1,2,0,45.0,0,0,13.5,S,1
707,1,1,1,42.0,0,0,26.2875,S,1
708,1,1,0,22.0,0,0,151.55,S,1
709,1,3,1,28.0,1,1,15.2458,C,2
710,1,1,0,24.0,0,0,49.5042,C,2
711,0,1,1,28.0,0,0,26.55,S,1
712,1,1,1,48.0,1,0,52.0,S,1
713,0,3,1,29.0,0,0,9.4833,S,1
714,0,2,1,52.0,0,0,13.0,S,1
715,0,3,1,19.0,0,0,7.65,S,1
716,1,1,0,38.0,0,0,227.525,C,2
717,1,2,0,27.0,0,0,10.5,S,1
718,0,3,1,28.0,0,0,15.5,Q,3
719,0,3,1,33.0,0,0,7.775,S,1
720,1,2,0,6.0,0,1,33.0,S,1
721,0,3,1,17.0,1,0,7.0542,S,1
722,0,2,1,34.0,0,0,13.0,S,1
723,0,2,1,50.0,0,0,13.0,S,1
724,1,1,1,27.0,1,0,53.1,S,1
725,0,3,1,20.0,0,0,8.6625,S,1
726,1,2,0,30.0,3,0,21.0,S,1
727,1,3,0,28.0,0,0,7.7375,Q,3
728,0,2,1,25.0,1,0,26.0,S,1
729,0,3,0,25.0,1,0,7.925,S,1
730,1,1,0,29.0,0,0,211.3375,S,1
731,0,3,1,11.0,0,0,18.7875,C,2
732,0,2,1,28.0,0,0,0.0,S,1
733,0,2,1,23.0,0,0,13.0,S,1
734,0,2,1,23.0,0,0,13.0,S,1
735,0,3,1,28.5,0,0,16.1,S,1
736,0,3,0,48.0,1,3,34.375,S,1
737,1,1,1,35.0,0,0,512.3292,C,2
738,0,3,1,28.0,0,0,7.8958,S,1
739,0,3,1,28.0,0,0,7.8958,S,1
740,1,1,1,28.0,0,0,30.0,S,1
741,0,1,1,36.0,1,0,78.85,S,1
742,1,1,0,21.0,2,2,262.375,C,2
743,0,3,1,24.0,1,0,16.1,S,1
744,1,3,1,31.0,0,0,7.925,S,1
745,0,1,1,70.0,1,1,71.0,S,1
746,0,3,1,16.0,1,1,20.25,S,1
747,1,2,0,30.0,0,0,13.0,S,1
748,0,1,1,19.0,1,0,53.1,S,1
749,0,3,1,31.0,0,0,7.75,Q,3
750,1,2,0,4.0,1,1,23.0,S,1
751,1,3,1,6.0,0,1,12.475,S,1
752,0,3,1,33.0,0,0,9.5,S,1
753,0,3,1,23.0,0,0,7.8958,S,1
754,1,2,0,48.0,1,2,65.0,S,1
755,1,2,1,0.67,1,1,14.5,S,1
756,0,3,1,28.0,0,0,7.7958,S,1
757,0,2,1,18.0,0,0,11.5,S,1
758,0,3,1,34.0,0,0,8.05,S,1
759,1,1,0,33.0,0,0,86.5,S,1
760,0,3,1,28.0,0,0,14.5,S,1
761,0,3,1,41.0,0,0,7.125,S,1
762,1,3,1,20.0,0,0,7.2292,C,2
763,1,1,0,36.0,1,2,120.0,S,1
764,0,3,1,16.0,0,0,7.775,S,1
765,1,1,0,51.0,1,0,77.9583,S,1
766,0,1,1,28.0,0,0,39.6,C,2
767,0,3,0,30.5,0,0,7.75,Q,3
768,0,3,1,28.0,1,0,24.15,Q,3
769,0,3,1,32.0,0,0,8.3625,S,1
770,0,3,1,24.0,0,0,9.5,S,1
771,0,3,1,48.0,0,0,7.8542,S,1
772,0,2,0,57.0,0,0,10.5,S,1
773,0,3,1,28.0,0,0,7.225,C,2
774,1,2,0,54.0,1,3,23.0,S,1
775,0,3,1,18.0,0,0,7.75,S,1
776,0,3,1,28.0,0,0,7.75,Q,3
777,1,3,0,5.0,0,0,12.475,S,1
778,0,3,1,28.0,0,0,7.7375,Q,3
779,1,1,0,43.0,0,1,211.3375,S,1
780,1,3,0,13.0,0,0,7.2292,C,2
781,1,1,0,17.0,1,0,57.0,S,1
782,0,1,1,29.0,0,0,30.0,S,1
783,0,3,1,28.0,1,2,23.45,S,1
784,0,3,1,25.0,0,0,7.05,S,1
785,0,3,1,25.0,0,0,7.25,S,1
786,1,3,0,18.0,0,0,7.4958,S,1
787,0,3,1,8.0,4,1,29.125,Q,3
788,1,3,1,1.0,1,2,20.575,S,1
789,0,1,1,46.0,0,0,79.2,C,2
790,0,3,1,28.0,0,0,7.75,Q,3
791,0,2,1,16.0,0,0,26.0,S,1
792,0,3,0,28.0,8,2,69.55,S,1
793,0,1,1,28.0,0,0,30.6958,C,2
794,0,3,1,25.0,0,0,7.8958,S,1
795,0,2,1,39.0,0,0,13.0,S,1
796,1,1,0,49.0,0,0,25.9292,S,1
797,1,3,0,31.0,0,0,8.6833,S,1
798,0,3,1,30.0,0,0,7.2292,C,2
799,0,3,0,30.0,1,1,24.15,S,1
800,0,2,1,34.0,0,0,13.0,S,1
801,1,2,0,31.0,1,1,26.25,S,1
802,1,1,1,11.0,1,2,120.0,S,1
803,1,3,1,0.42,0,1,8.5167,C,2
804,1,3,1,27.0,0,0,6.975,S,1
805,0,3,1,31.0,0,0,7.775,S,1
806,0,1,1,39.0,0,0,0.0,S,1
807,0,3,0,18.0,0,0,7.775,S,1
808,0,2,1,39.0,0,0,13.0,S,1
809,1,1,0,33.0,1,0,53.1,S,1
810,0,3,1,26.0,0,0,7.8875,S,1
811,0,3,1,39.0,0,0,24.15,S,1
812,0,2,1,35.0,0,0,10.5,S,1
813,0,3,0,6.0,4,2,31.275,S,1
814,0,3,1,30.5,0,0,8.05,S,1
815,0,1,1,28.0,0,0,0.0,S,1
816,0,3,0,23.0,0,0,7.925,S,1
817,0,2,1,31.0,1,1,37.0042,C,2
818,0,3,1,43.0,0,0,6.45,S,1
819,0,3,1,10.0,3,2,27.9,S,1
820,1,1,0,52.0,1,1,93.5,S,1
821,1,3,1,27.0,0,0,8.6625,S,1
822,0,1,1,38.0,0,0,0.0,S,1
823,1,3,0,27.0,0,1,12.475,S,1
824,0,3,1,2.0,4,1,39.6875,S,1
825,0,3,1,28.0,0,0,6.95,Q,3
826,0,3,1,28.0,0,0,56.4958,S,1
827,1,2,1,1.0,0,2,37.0042,C,2
828,1,3,1,28.0,0,0,7.75,Q,3
829,1,1,0,62.0,0,0,80.0,S,1
830,1,3,0,15.0,1,0,14.4542,C,2
831,1,2,1,0.83,1,1,18.75,S,1
832,0,3,1,28.0,0,0,7.2292,C,2
833,0,3,1,23.0,0,0,7.8542,S,1
834,0,3,1,18.0,0,0,8.3,S,1
835,1,1,0,39.0,1,1,83.1583,C,2
836,0,3,1,21.0,0,0,8.6625,S,1
837,0,3,1,28.0,0,0,8.05,S,1
838,1,3,1,32.0,0,0,56.4958,S,1
839,1,1,1,28.0,0,0,29.7,C,2
840,0,3,1,20.0,0,0,7.925,S,1
841,0,2,1,16.0,0,0,10.5,S,1
842,1,1,0,30.0,0,0,31.0,C,2
843,0,3,1,34.5,0,0,6.4375,C,2
844,0,3,1,17.0,0,0,8.6625,S,1
845,0,3,1,42.0,0,0,7.55,S,1
846,0,3,1,28.0,8,2,69.55,S,1
847,0,3,1,35.0,0,0,7.8958,C,2
848,0,2,1,28.0,0,1,33.0,S,1
849,1,1,0,28.0,1,0,89.1042,C,2
850,0,3,1,4.0,4,2,31.275,S,1
851,0,3,1,74.0,0,0,7.775,S,1
852,0,3,0,9.0,1,1,15.2458,C,2
853,1,1,0,16.0,0,1,39.4,S,1
854,0,2,0,44.0,1,0,26.0,S,1
855,1,3,0,18.0,0,1,9.35,S,1
856,1,1,0,45.0,1,1,164.8667,S,1
857,1,1,1,51.0,0,0,26.55,S,1
858,1,3,0,24.0,0,3,19.2583,C,2
859,0,3,1,28.0,0,0,7.2292,C,2
860,0,3,1,41.0,2,0,14.1083,S,1
861,0,2,1,21.0,1,0,11.5,S,1
862,1,1,0,48.0,0,0,25.9292,S,1
863,0,3,0,28.0,8,2,69.55,S,1
864,0,2,1,24.0,0,0,13.0,S,1
865,1,2,0,42.0,0,0,13.0,S,1
866,1,2,0,27.0,1,0,13.8583,C,2
867,0,1,1,31.0,0,0,50.4958,S,1
868,0,3,1,28.0,0,0,9.5,S,1
869,1,3,1,4.0,1,1,11.1333,S,1
870,0,3,1,26.0,0,0,7.8958,S,1
871,1,1,0,47.0,1,1,52.5542,S,1
872,0,1,1,33.0,0,0,5.0,S,1
873,0,3,1,47.0,0,0,9.0,S,1
874,1,2,0,28.0,1,0,24.0,C,2
875,1,3,0,15.0,0,0,7.225,C,2
876,0,3,1,20.0,0,0,9.8458,S,1
877,0,3,1,19.0,0,0,7.8958,S,1
878,0,3,1,28.0,0,0,7.8958,S,1
879,1,1,0,56.0,0,1,83.1583,C,2
880,1,2,0,25.0,0,1,26.0,S,1
881,0,3,1,33.0,0,0,7.8958,S,1
882,0,3,0,22.0,0,0,10.5167,S,1
883,0,2,1,28.0,0,0,10.5,S,1
884,0,3,1,25.0,0,0,7.05,S,1
885,0,3,0,39.0,0,5,29.125,Q,3
886,0,2,1,27.0,0,0,13.0,S,1
887,1,1,0,19.0,0,0,30.0,S,1
888,0,3,0,28.0,1,2,23.45,S,1
889,1,1,1,26.0,0,0,30.0,C,2
890,0,3,1,32.0,0,0,7.75,Q,3
